{"cameraMode":{"drawMode":0,"name":"Shaded","section":"Shading Mode"},"sceneLighting":true,"audioPlay":false,"sceneViewState":{"showFog":true,"showMaterialUpdate":false,"showSkybox":true,"showFlares":true,"showImageEffects":true,"showParticleSystems":true},"in2DMode":false,"pivot":{"x":-43.5660514831543,"y":12.759936332702637,"z":-23.08415985107422},"rotation":{"x":0.0007498691556975246,"y":0.6391037702560425,"z":-0.0005031718173995614,"w":0.7692159414291382},"size":14.097606658935547,"orthographic":false}