{"cameraMode":{"drawMode":0,"name":"Shaded","section":"Shading Mode"},"sceneLighting":true,"audioPlay":false,"sceneViewState":{"showFog":true,"showMaterialUpdate":false,"showSkybox":true,"showFlares":true,"showImageEffects":true,"showParticleSystems":true},"in2DMode":false,"pivot":{"x":-27.224037170410158,"y":-16.822635650634767,"z":-2.4875874519348146},"rotation":{"x":-0.19799740612506867,"y":0.7213663458824158,"z":-0.22932995855808259,"w":-0.6227924823760986},"size":40.35258102416992,"orthographic":false}